jy,j,99,10000,109000,2026-01-10,true
Tron,z,19,5200,24200,2026-01-04
Kevin,abc,37,4020,41020,2025-12-30
aa,aa,1,0,1000,2025-12-28
j,j,37,1200,38200,2026-01-08,true
demo,demo,1,0,1000,2025-12-30
z,z,1,0,1000,2026-01-10,false
k5,jk,1,0,1000,2026-01-07
h,h,1,0,1000,2026-01-07,true
k,k,1,0,1000,2026-01-07,true
r,r,1,0,1000,2026-01-07,true
g,g,10,100,10100,2026-01-10,true
cy,1,99,10000,109000,2026-01-09,true
b,b,10,110,10110,2026-01-10,true
jz,ong,1,10,1010,2026-01-08,true
q,123,1,0,1000,2026-01-09,false
qqqq,qqqq,99,10000,109000,2026-01-10,true
